{
    "Быстроном": 15.196766153908852,
    "DNS": 63.08520197274196,
    "Фэмили": 86.87596497809311,
    "Ozon": 80.79679905485,
    "Посуда Центр": 43.1976470142897
}